url,xScale,yScale,xLocation,yLocation,rotation
https://i.imgur.com/ZH1Cz9t.png,2.5,2.5,20,0,0
https://i.imgur.com/wZH4GjE.png,2.5,2.5,20,0,0
https://i.imgur.com/EXliUIy.png,2.5,2.5,20,0,0
https://i.imgur.com/ctA3ud0.png,2.5,2.5,20,0,0
https://i.imgur.com/BUFoiXE.png,2.5,2.5,20,0,0
https://i.imgur.com/ri1AGug.png,2.5,2.5,20,0,0
https://i.imgur.com/BcL8lAX.png,2.5,2.5,20,0,0
https://i.imgur.com/FuPkxIF.png,2.5,2.5,20,0,0
https://i.imgur.com/08qYOxe.png,2.5,2.5,20,0,0
https://i.imgur.com/rgwB8Md.png,2.5,2.5,20,0,0
https://i.imgur.com/QwArudR.png,2.5,2.5,20,0,0
https://i.imgur.com/3wJDeLT.png,2.5,2.5,20,0,0
https://i.imgur.com/zIQ9WP3.png,2.5,2.5,20,0,0
https://i.imgur.com/VbQ9fAw.png,2.5,2.5,20,0,0
https://i.imgur.com/a0R0fda.png,2.5,2.5,20,0,0
https://i.imgur.com/ZBg3qP2.png,2.5,2.5,20,0,0
https://i.imgur.com/m2QgCK3.png,2.5,2.5,20,0,0
https://i.imgur.com/kf1Pydv.png,2.5,2.5,20,0,0
https://i.imgur.com/zRaBESG.png,2.5,2.5,20,0,0
https://i.imgur.com/tgVUiGj.png,2.5,2.5,20,0,0
https://i.imgur.com/3N4QHVy.png,2.5,2.5,20,0,0
https://i.imgur.com/xHmL8lZ.png,2.5,2.5,20,0,0
https://i.imgur.com/VFVpAP8.png,2.5,2.5,20,0,0
https://i.imgur.com/Y8mGMyd.png,2.5,2.5,20,0,0
https://i.imgur.com/aixFJGl.png,2.5,2.5,20,0,0
https://i.imgur.com/IYRayW5.png,2.5,2.5,20,0,0
https://i.imgur.com/XrZ3032.png,2.5,2.5,20,0,0
https://i.imgur.com/bqIcEqf.png,2.5,2.5,20,0,0
https://i.imgur.com/N58hhsQ.png,2.5,2.5,20,0,0
https://i.imgur.com/MDuaQdw.png,2.5,2.5,20,0,0
https://i.imgur.com/77LGbCp.png,2.5,2.5,20,0,0
https://i.imgur.com/CO4J32z.png,2.5,2.5,20,0,0
https://i.imgur.com/EYzsWII.png,2.5,2.5,20,0,0
https://i.imgur.com/ZV2wyAt.png,2.5,2.5,20,0,0
https://i.imgur.com/EtPCkrM.png,2.5,2.5,20,0,0
https://i.imgur.com/dcfKNFs.png,2.5,2.5,20,0,0
https://i.imgur.com/66u0aY0.png,2.5,2.5,20,0,0
https://i.imgur.com/WLpdt5s.png,2.5,2.5,20,0,0
https://i.imgur.com/z4Z0ae9.png,2.5,2.5,20,0,0
https://i.imgur.com/13LHlmS.png,2.5,2.5,20,0,0
https://i.imgur.com/JingEO0.png,2.5,2.5,20,0,0
https://i.imgur.com/OnlEOfq.png,2.5,2.5,20,0,0
https://i.imgur.com/atkLj70.png,2.5,2.5,20,0,0
https://i.imgur.com/DShVIjz.png,2.5,2.5,20,0,0
https://i.imgur.com/H8M8HIy.png,2.5,2.5,20,0,0
https://i.imgur.com/IY8xTmZ.png,2.5,2.5,20,0,0
https://i.imgur.com/dbFgmzo.png,2.5,2.5,20,0,0
https://i.imgur.com/4Hzh7d2.png,2.5,2.5,20,0,0
https://i.imgur.com/1CfRm1L.png,2.5,2.5,20,0,0
https://i.imgur.com/ff4uva6.png,2.5,2.5,20,0,0
https://i.imgur.com/NZHzCgr.png,2.5,2.5,20,0,0
https://i.imgur.com/f9UZ3nU.png,2.5,2.5,20,0,0
https://i.imgur.com/GQ0654B.png,2.5,2.5,20,0,0
https://i.imgur.com/RseDO9x.png,2.5,2.5,20,0,0
https://i.imgur.com/tupODu0.png,2.5,2.5,20,0,0
https://i.imgur.com/1qwdoMB.png,2.5,2.5,20,0,0
https://i.imgur.com/1XWfCuo.png,2.5,2.5,20,0,0
https://i.imgur.com/P8vUYSF.png,2.5,2.5,20,0,0
https://i.imgur.com/Oic9l5V.png,2.5,2.5,20,0,0
https://i.imgur.com/fBN0UBy.png,2.5,2.5,20,0,0
https://i.imgur.com/40SLM57.png,2.5,2.5,20,0,0
https://i.imgur.com/Gv3FkZM.png,2.5,2.5,20,0,0
https://i.imgur.com/sSHf6PB.png,2.5,2.5,20,0,0
https://i.imgur.com/RZjPF3u.png,2.5,2.5,20,0,0
https://i.imgur.com/gnZWx4M.png,2.5,2.5,20,0,0
https://i.imgur.com/cGVmVUS.png,2.5,2.5,20,0,0
https://i.imgur.com/ngje2Yl.png,2.5,2.5,20,0,0
https://i.imgur.com/edjaqiZ.png,2.5,2.5,20,0,0
https://i.imgur.com/T6BQx42.png,2.5,2.5,20,0,0
https://i.imgur.com/0Mrlc8b.png,2.5,2.5,20,0,0
https://i.imgur.com/AqWtvDO.png,2.5,2.5,20,0,0
https://i.imgur.com/6hopFkt.png,2.5,2.5,20,0,0
https://i.imgur.com/ic1CkmE.png,2.5,2.5,20,0,0
https://i.imgur.com/kP5mX4E.png,2.5,2.5,20,0,0
https://i.imgur.com/XjakzQj.png,2.5,2.5,20,0,0
https://i.imgur.com/lf045dX.png,2.5,2.5,20,0,0
https://i.imgur.com/JqXeIHg.png,2.5,2.5,20,0,0
https://i.imgur.com/iWlKbGa.png,2.5,2.5,20,0,0
https://i.imgur.com/34sLarZ.png,2.5,2.5,20,0,0
https://i.imgur.com/VktuTWI.png,2.5,2.5,20,0,0
https://i.imgur.com/1P57vvD.png,2.5,2.5,20,0,0
https://i.imgur.com/2c3t6XQ.png,2.5,2.5,20,0,0
https://i.imgur.com/bxmH11c.png,2.5,2.5,20,0,0
https://i.imgur.com/o5NKejW.png,2.5,2.5,20,0,0
https://i.imgur.com/tjJvYJZ.png,2.5,2.5,20,0,0
https://i.imgur.com/bxDcuGi.png,2.5,2.5,20,0,0
https://i.imgur.com/n13maD0.png,2.5,2.5,20,0,0
https://i.imgur.com/IRwXTDF.png,2.5,2.5,20,0,0
https://i.imgur.com/g1t2zEQ.png,2.5,2.5,20,0,0
https://i.imgur.com/IwCBjPO.png,2.5,2.5,20,0,0
https://i.imgur.com/aZTzX8Z.png,2.5,2.5,20,0,0
https://i.imgur.com/KFeZJNT.png,2.5,2.5,20,0,0
https://i.imgur.com/2Ocn6rp.png,2.5,2.5,20,0,0
https://i.imgur.com/mWdYLFp.png,2.5,2.5,20,0,0
https://i.imgur.com/rmWPqHE.png,2.5,2.5,20,0,0
https://i.imgur.com/KCOK7GU.png,2.5,2.5,20,0,0
https://i.imgur.com/QOLAV98.png,2.5,2.5,20,0,0
https://i.imgur.com/iweabA1.png,2.5,2.5,20,0,0
https://i.imgur.com/hGNitRo.png,2.5,2.5,20,0,0
https://i.imgur.com/Xc4EzLs.png,2.5,2.5,20,0,0
https://i.imgur.com/Jgcx2Ea.png,2.5,2.5,20,0,0
https://i.imgur.com/W30zYQX.png,2.5,2.5,20,0,0
https://i.imgur.com/KWI7lno.png,2.5,2.5,20,0,0
https://i.imgur.com/f0cBB2O.png,2.5,2.5,20,0,0
https://i.imgur.com/CvShBbv.png,2.5,2.5,20,0,0
https://i.imgur.com/uViwLWn.png,2.5,2.5,20,0,0
https://i.imgur.com/e81m6QY.png,2.5,2.5,20,0,0
https://i.imgur.com/EOUd3jB.png,2.5,2.5,20,0,0
https://i.imgur.com/ZESEfSJ.png,2.5,2.5,20,0,0
https://i.imgur.com/YVOxtMg.png,2.5,2.5,20,0,0
https://i.imgur.com/bXjMfBO.png,2.5,2.5,20,0,0
https://i.imgur.com/tAi2lPC.png,2.5,2.5,20,0,0
https://i.imgur.com/DaXqhpI.png,2.5,2.5,20,0,0
https://i.imgur.com/lijjSWK.png,2.5,2.5,20,0,0
https://i.imgur.com/v3sNim7.png,2.5,2.5,20,0,0
https://i.imgur.com/qPbayD9.png,2.5,2.5,20,0,0
https://i.imgur.com/NT0GvkF.png,2.5,2.5,20,0,0
https://i.imgur.com/wb7mM3s.png,2.5,2.5,20,0,0
https://i.imgur.com/QWfZo9P.png,2.5,2.5,20,0,0
https://i.imgur.com/IDTeMtb.png,2.5,2.5,20,0,0
https://i.imgur.com/O0xndvN.png,2.5,2.5,20,0,0
https://i.imgur.com/bc9ZwMh.png,2.5,2.5,20,0,0
https://i.imgur.com/M16kIIi.png,2.5,2.5,20,0,0
https://i.imgur.com/0zsEi46.png,2.5,2.5,20,0,0
https://i.imgur.com/9y0GRzG.png,2.5,2.5,20,0,0
https://i.imgur.com/2JkPyaT.png,2.5,2.5,20,0,0
https://i.imgur.com/Ag8UR6y.png,2.5,2.5,20,0,0
https://i.imgur.com/OgKwCdl.png,2.5,2.5,20,0,0
https://i.imgur.com/3LDY1re.png,2.5,2.5,20,0,0
https://i.imgur.com/OlN4iMh.png,2.5,2.5,20,0,0
https://i.imgur.com/jnj8ise.png,2.5,2.5,20,0,0
https://i.imgur.com/mobABNb.png,2.5,2.5,20,0,0
https://i.imgur.com/IYtADzd.png,2.5,2.5,20,0,0
https://i.imgur.com/lp4Y49H.png,2.5,2.5,20,0,0
https://i.imgur.com/Bt2yijT.png,2.5,2.5,20,0,0
https://i.imgur.com/zu6y8pj.png,2.5,2.5,20,0,0
https://i.imgur.com/CQwUswT.png,2.5,2.5,20,0,0
https://i.imgur.com/7JDZoFC.png,2.5,2.5,20,0,0
https://i.imgur.com/FmoQ4UK.png,2.5,2.5,20,0,0
https://i.imgur.com/uQV4lBn.png,2.5,2.5,20,0,0
https://i.imgur.com/x45NVjF.png,2.5,2.5,20,0,0
https://i.imgur.com/flHxMvV.png,2.5,2.5,20,0,0
https://i.imgur.com/gGvTLR8.png,2.5,2.5,20,0,0
https://i.imgur.com/shQOd25.png,2.5,2.5,20,0,0
https://i.imgur.com/EBMoWtG.png,2.5,2.5,20,0,0
https://i.imgur.com/0Cry1aG.png,2.5,2.5,20,0,0
https://i.imgur.com/CLnUwmF.png,2.5,2.5,20,0,0
https://i.imgur.com/UKLbZuX.png,2.5,2.5,20,0,0
https://i.imgur.com/xJqG77r.png,2.5,2.5,20,0,0
https://i.imgur.com/iFbORk3.png,2.5,2.5,20,0,0
https://i.imgur.com/dHtfWlr.png,2.5,2.5,20,0,0
https://i.imgur.com/9XFTxrQ.png,2.5,2.5,20,0,0
https://i.imgur.com/7I44AxV.png,2.5,2.5,20,0,0
https://i.imgur.com/bchZLv3.png,2.5,2.5,20,0,0
